algorithm,predictor_group,validation_years,mean_rmse,median_rmse,mean_mae,median_mae,mean_r_squared,rmse_rank,mae_rank,overall_rmse_rank
Linear Regression,Group 3,9,19.488982704116726,18.263427230733505,16.791402088340472,15.817217344726872,-0.6036476847473256,1,1,1
XGBoost,Group 3,9,22.44731075923724,21.35033802184089,18.981509175270357,17.88754522150213,-1.1577146262085223,2,2,2
Random Forest,Group 3,9,22.670675759003235,18.593356403555003,19.682167558907828,15.98474931540927,-1.426723608996456,3,3,3
Random Forest,Group 2,9,23.95454572721225,19.247391811014392,20.922641866930313,17.319288240740743,-1.884500993117846,1,1,4
Linear Regression,Group 2,9,25.898279046083108,27.25670659205197,22.73440977966869,25.224494897536708,-2.2501942448330903,2,2,5
XGBoost,Group 2,9,26.448651352469422,23.09683633726266,22.877751684318074,19.257889428076805,-2.9126682503513344,3,3,6
Linear Regression,Group 1,9,26.664455910534574,21.586768409486535,23.61921350528751,18.4489495038699,-2.960395479665549,1,1,7
Random Forest,Group 1,9,33.97976426061587,25.844994881870196,30.422147916353424,20.93688859670779,-6.048989847563219,2,2,8
XGBoost,Group 1,9,34.52515833974112,26.304666952079007,30.99518078817026,22.498718340985185,-7.747367316660483,3,3,9
