algorithm,predictor_group,validation_year,n,rmse,mae,r_squared
Linear Regression,Group 1,2012,78,71.32384879143942,66.06431596126569,-4.550387177912387
Linear Regression,Group 1,2013,74,51.73615933620745,49.636488628076165,-14.969955985784267
Linear Regression,Group 1,2014,72,43.511684154739655,41.592629183507455,-7.443610133654046
Linear Regression,Group 1,2015,82,27.390337690320877,21.305606249606832,-0.7469804211820057
Linear Regression,Group 1,2016,77,15.608066273218837,13.34101831659282,0.22826706119840567
Linear Regression,Group 1,2017,77,20.74147430113509,17.97537295342087,-1.444744986772399
Linear Regression,Group 1,2018,78,24.815510745269563,22.03156871558488,-1.7705304494722205
Linear Regression,Group 1,2019,62,15.907695337270416,12.307284811476716,0.2994692961166271
Linear Regression,Group 1,2020,68,18.682406947162733,15.934003185451983,-0.16398321593246057
Linear Regression,Group 1,2021,71,21.586768409486535,18.4489495038699,-0.6314904815075757
Linear Regression,Group 2,2012,78,69.65973835613192,65.39202139148766,-4.294408118806925
Linear Regression,Group 2,2013,74,42.41326762771999,38.952367217462445,-9.732942781212929
Linear Regression,Group 2,2014,72,12.20744198691853,9.373120871746671,0.3353917562618699
Linear Regression,Group 2,2015,82,40.144929015937265,31.8625367117575,-2.752793374473108
Linear Regression,Group 2,2016,77,28.321232896132997,26.290257046382617,-1.540932609806389
Linear Regression,Group 2,2017,77,16.775826787181987,13.581946196553028,-0.5992714539063078
Linear Regression,Group 2,2018,78,37.018519227929296,34.832732792310416,-5.165305147687924
Linear Regression,Group 2,2019,62,14.251382717985315,12.293313217180213,0.4377536412226598
Linear Regression,Group 2,2020,68,27.25670659205197,25.224494897536708,-1.4775807657230144
Linear Regression,Group 2,2021,71,14.695204562890613,12.198919066088612,0.24393253182732863
Linear Regression,Group 3,2012,78,30.032609328007528,26.02996474596728,0.0158985506594208
Linear Regression,Group 3,2013,74,23.56941503587887,21.08363731744803,-2.314461328474843
Linear Regression,Group 3,2014,72,11.52030636692666,9.767596005450605,0.40810531088713053
Linear Regression,Group 3,2015,82,37.46838915438384,30.371120360520376,-2.2690631417549105
Linear Regression,Group 3,2016,77,20.87722367636075,18.772565932495205,-0.38074768769974865
Linear Regression,Group 3,2017,77,12.164878849039187,10.081356039150538,0.15905054203881086
Linear Regression,Group 3,2018,78,24.518904106589066,22.423534869558903,-1.704696889547309
Linear Regression,Group 3,2019,62,11.654413514666846,9.419965432998804,0.6239951108296005
Linear Regression,Group 3,2020,68,15.363886402471818,13.38562549271493,0.21280334996681405
Linear Regression,Group 3,2021,71,18.263427230733505,15.817217344726872,-0.16781442897147514
Random Forest,Group 1,2012,78,54.3411645456802,48.74986394002466,-2.221896762505798
Random Forest,Group 1,2013,74,82.30969150097413,81.36845933356183,-39.42195331347191
Random Forest,Group 1,2014,72,31.22826264636864,28.86794053429668,-3.349226569554234
Random Forest,Group 1,2015,82,42.17097291799293,36.21278632475872,-3.141145652864344
Random Forest,Group 1,2016,77,42.4997188836099,36.164446014223834,-4.7219090572352505
Random Forest,Group 1,2017,77,18.56610230583033,15.798420870217432,-0.9588257173919196
Random Forest,Group 1,2018,78,19.686679030230373,17.25829256428338,-0.7436584253972771
Random Forest,Group 1,2019,62,25.844994881870196,20.93688859670779,-0.8491219174720888
Random Forest,Group 1,2020,68,20.515054510888483,18.017753342188925,-0.4035452313082586
Random Forest,Group 1,2021,71,22.99640166777787,19.174343666942235,-0.8515227433736952
Random Forest,Group 2,2012,78,52.97311037536869,48.006195470085515,-2.061714461541083
Random Forest,Group 2,2013,74,44.417432975497256,43.0827201801802,-10.77124122312036
Random Forest,Group 2,2014,72,19.247391811014392,17.319288240740743,-0.6521906499341015
Random Forest,Group 2,2015,82,42.10577632297784,36.67223585365869,-3.1283510752053916
Random Forest,Group 2,2016,77,12.480544404570823,9.701650095124418,0.5065582460580629
Random Forest,Group 2,2017,77,22.792415892555873,19.73138868249204,-1.9521270247753757
Random Forest,Group 2,2018,78,15.503047647849913,13.07201705128206,-0.08131108455798453
Random Forest,Group 2,2019,62,16.60830573144776,12.923558169482854,0.23640459372277137
Random Forest,Group 2,2020,68,19.24152632611321,15.813155196078425,-0.23469617012639457
Random Forest,Group 2,2021,71,23.19447043288319,19.98776333333337,-0.8835545501218414
Random Forest,Group 3,2012,78,54.07412171047863,48.789645256410274,-2.190308539955877
Random Forest,Group 3,2013,74,37.78273689924558,36.10272722865728,-7.517304549379133
Random Forest,Group 3,2014,72,17.258600821207065,15.297240341928532,-0.3283959830745957
Random Forest,Group 3,2015,82,41.244504161438904,35.359836626016204,-2.9611878506188067
Random Forest,Group 3,2016,77,12.803814206577778,9.89854467841681,0.4806650347968485
Random Forest,Group 3,2017,77,22.16416648288852,19.325252085387472,-1.7916253027068856
Random Forest,Group 3,2018,78,15.5032440597081,13.223844381140692,-0.08133848351457451
Random Forest,Group 3,2019,62,16.32379960608235,12.8754487096774,0.26234183382180276
Random Forest,Group 3,2020,68,18.593356403555003,15.98474931540927,-0.15291330355522148
Random Forest,Group 3,2021,71,22.361859190325816,19.0718646635368,-0.7507538767375372
XGBoost,Group 1,2012,78,49.42408814141165,43.41940209804437,-1.6652077589616208
XGBoost,Group 1,2013,74,98.91539480428176,97.73438067049594,-57.377181862062194
XGBoost,Group 1,2014,72,15.655090059066715,12.751850424872506,-0.0930185345232204
XGBoost,Group 1,2015,82,43.06456394374062,37.610545088605186,-3.3185044619729833
XGBoost,Group 1,2016,77,26.304666952079007,22.498718340985185,-1.1919692185280597
XGBoost,Group 1,2017,77,24.246750745744663,20.99500565962358,-2.340884139215966
XGBoost,Group 1,2018,78,27.86796590305083,24.855115802471452,-2.494033240565241
XGBoost,Group 1,2019,62,29.17617175825485,23.781201811759704,-1.356509849045994
XGBoost,Group 1,2020,68,24.962864259719705,21.8929978314568,-1.078116510344914
XGBoost,Group 1,2021,71,20.53295663173188,16.836811463261995,-0.4760880336857811
XGBoost,Group 2,2012,78,49.10718763467194,43.94320326585036,-1.6311394342703411
XGBoost,Group 2,2013,74,57.894647078803054,56.02465397602803,-18.998258137258254
XGBoost,Group 2,2014,72,12.526074536066984,10.134706878662112,0.30024442205433666
XGBoost,Group 2,2015,82,38.600615650542494,32.28009915235566,-2.469618520063644
XGBoost,Group 2,2016,77,23.09683633726266,19.257889428076805,-0.6899499012537345
XGBoost,Group 2,2017,77,19.226826355107832,15.818444705319097,-1.1007265622362623
XGBoost,Group 2,2018,78,26.556492934825336,23.695046018942808,-2.172911318819879
XGBoost,Group 2,2019,62,15.773233403487747,11.940421368998868,0.3112619052143787
XGBoost,Group 2,2020,68,24.903826350622506,20.94081883149988,-1.0682985205181643
XGBoost,Group 2,2021,71,19.459309525506196,15.807684798979423,-0.3257576202807857
XGBoost,Group 3,2012,78,52.23566119726323,46.617200978597005,-1.977062352304999
XGBoost,Group 3,2013,74,29.815448317051487,27.32597557274071,-4.3039330830161875
XGBoost,Group 3,2014,72,13.134555606687409,10.649500910441082,0.23060890974853976
XGBoost,Group 3,2015,82,39.241124015332346,32.855584716796876,-2.5857180880407116
XGBoost,Group 3,2016,77,21.237659896130246,17.35688888747971,-0.42883526160186314
XGBoost,Group 3,2017,77,21.35033802184089,17.88754522150213,-1.590382093107766
XGBoost,Group 3,2018,78,23.410808455473312,20.68552050468249,-1.4657515489373951
XGBoost,Group 3,2019,62,15.191596825489864,11.95011202904486,0.36111969924943776
XGBoost,Group 3,2020,68,23.335946702785844,19.704778738582835,-0.816067184011545
XGBoost,Group 3,2021,71,15.308318992343771,12.417675996162522,0.1795270138407894
