algorithm,predictor_group,observations,pooled_rmse,pooled_mae,pooled_r_squared,rmse_rank,mae_rank,r_squared_rank
Linear Regression,Group 1,739,36.13843438077078,28.21936345661757,-0.14790665076190712,1,1,1
Random Forest,Group 1,739,41.14640587868061,32.61658439220404,-0.4880986274326107,2,3,2
XGBoost,Group 1,739,43.0328189838055,32.56771748378893,-0.6276742686842902,3,2,3
Random Forest,Group 2,739,30.51524598977764,24.04379473033526,0.1815320927355775,1,1,1
XGBoost,Group 2,739,32.45988657851377,25.420541297179597,0.07389143542511778,2,2,2
Linear Regression,Group 2,739,35.345897813653956,27.606674816582345,-0.098110235682779,3,3,3
Linear Regression,Group 3,739,22.56061541960794,18.09512277009497,0.5526269799587471,1,1,1
XGBoost,Group 3,739,28.443079327044305,22.204282547430676,0.2889156350422568,2,2,2
Random Forest,Group 3,739,29.414153667924225,23.002892327433923,0.23953256983361823,3,3,3
