validation_year,observations,weather_feature,year_value,validation_period_mean,validation_period_sd,difference_from_mean,standardized_difference,weather_feature_label,weather_rank
2012,78,e02_heat_above_35,22.979358974358977,2.3053996003996007,7.26411452747394,20.673959373959377,2.8460398436406047,Heat accumulation above 35 C,1
2012,78,w02_early_prcp,105.94025641025641,244.1847671673042,62.617129691631895,-138.24451075704778,-2.207774636714507,Early-season precipitation,2
2012,78,e04_max_5day_prcp,46.68961538461539,76.55359262041158,13.94207096883622,-29.86397723579619,-2.1420043910656563,Maximum May-Jul 5-day precipitation,3
2013,74,e03_longest_dry_spell,12.41891891891892,9.752346303603378,1.1813062519002122,2.666572615315541,2.2573084761264712,Longest Jul-Aug dry spell,1
2013,74,w06_grainfill_prcp,123.88472972972973,180.69392364006973,62.14741137384524,-56.80919391034,-0.914103945031702,Grain-fill precipitation,2
2013,74,w04_repro_prcp,80.58364864864865,110.94979022703549,34.121000921287674,-30.366141578386845,-0.8899545956590559,July reproductive precipitation,3
2015,82,e04_max_5day_prcp,100.14378048780489,76.55359262041158,13.94207096883622,23.59018786739331,1.6920146167755767,Maximum May-Jul 5-day precipitation,1
2015,82,w04_repro_prcp,162.6930487804878,110.94979022703549,34.121000921287674,51.74325855345231,1.5164636779799248,July reproductive precipitation,2
2015,82,w02_early_prcp,331.74,244.1847671673042,62.617129691631895,87.55523283269582,1.3982632749836286,Early-season precipitation,3
